request_id,requester_received_pizza
t3_i8iy4,0.27120907542255834
t3_1mfqi0,0.34510790251007784
t3_lclka,0.19754717378546666
t3_1jdgdj,0.18765129913771822
t3_t2qt4,0.1500227244371961
t3_pvojb,0.14284529311565822
t3_142n4c,0.21626493242717254
t3_17rja6,0.2044211018029118
t3_1lg6u2,0.29878686542519095
t3_1b0mtx,0.2073093039254339
t3_mmivq,0.20580343184122793
t3_11ux2a,0.20901749376329734
t3_klige,0.3538108772307383
t3_1iv3cj,0.22205931199601833
t3_13dh0w,0.23283988450186371
t3_li326,0.18752437923424256
t3_xww8y,0.19920182234619294
t3_kogen,0.19674704151352315
t3_ik8w1,0.2697773324663085
t3_j3nnl,0.39668946600882266
t3_j6xvd,0.23356147350756037
t3_1lsrj5,0.46503869684449134
t3_idld7,0.18564899388321193
t3_y6amf,0.3127689075520969
t3_hl0ft,0.3673226609385302
t3_jg6yk,0.2988880716731053
t3_1k5ss6,0.18769762978144242
t3_u6i4z,0.34047149412910815
t3_ltuhq,0.189533948020288
t3_1m2om7,0.32517487075584883
t3_hgdtf,0.2518180305929252
t3_w89lu,0.29983443656021486
t3_ifk6u,0.20108373352251227
t3_18c4e9,0.22960830391881284
t3_133rk6,0.28409447243444186
t3_icpa2,0.16244963856517763
t3_tllxh,0.46602143000432106
t3_ibvic,0.13271313619488717
t3_153cst,0.2566456590841745
t3_115vox,0.5519740810400425
t3_n318c,0.1584758211606597
t3_ojy6r,0.2840723726264796
t3_wziql,0.2555914301408836
t3_jiwx8,0.1177165604533587
t3_ibsyq,0.1611095143328583
t3_v07fz,0.34837209489757587
t3_us9ho,0.1892413885255204
t3_1l120o,0.2548188705436121
t3_1avwr4,0.19113749993989707
t3_11pdxt,0.3094291521476759
t3_1eg6hz,0.2306506733410372
t3_nfom9,0.2587619922699644
t3_qaf9d,0.30734248022013116
t3_15dl3p,0.27406171886751524
t3_1ietp9,0.34978582583157014
t3_if8os,0.19976744619972917
t3_irugk,0.3405683095414141
t3_i5liz,0.18931286478216575
t3_1indge,0.24419895222160662
t3_1j6smi,0.25811296522971433
t3_1lxyig,0.2893743355452389
t3_hecc7,0.2634729152197749
t3_14tiyz,0.16367370920467014
t3_k1z07,0.28299740491406766
t3_10wwjr,0.08983271321831718
t3_lvs72,0.26074501371563613
t3_18u12f,0.2293538423477573
t3_yftil,0.20798512720302278
t3_i20wz,0.12291840191301681
t3_zs6gr,0.16903986712532568
t3_17rugq,0.16795145962335414
t3_10cmhw,0.13306300817077354
t3_1jgj8g,0.20492416798873936
t3_16q2jp,0.3455075147482181
t3_1hbpnz,0.2496143388277381
t3_1737ki,0.25801899081791996
t3_pfl37,0.3035450919533882
t3_qg1wv,0.49390582475275285
t3_wcupv,0.14474223184363755
t3_14gsx5,0.208808208530554
t3_xzsu3,0.32038002274371774
t3_1lnsb4,0.38809750801409315
t3_iympu,0.1218765990545679
t3_k9o6g,0.2542382502161391
t3_1ktbje,0.38863373305320514
t3_zuow2,0.19049040090366884
t3_16tazw,0.2517402331158685
t3_pvl3a,0.2088384655559626
t3_11a45a,0.4163585152008006
t3_187gk8,0.1500402682255198
t3_jrtbz,0.2811796540457081
t3_lagsc,0.27979257174471206
t3_rt9rt,0.2383307574170664
t3_15qz4q,0.25738941358676265
t3_hz1m5,0.3139380657707355
t3_119agf,0.23899886197925654
t3_k70hk,0.42891797052372854
t3_i2xbl,0.1425897901181835
t3_10gk0h,0.31460018049929034
t3_1mwaf9,0.3173565089773405
t3_uwwyl,0.2331304293283638
t3_10ca6l,0.20557734457904403
t3_1h4mik,0.29364020239588917
t3_i0qp5,0.3491477136019642
t3_krx89,0.5106400405264847
t3_ibtwa,0.4433095019245275
t3_11tb71,0.35182966277980887
t3_sfrhj,0.111647555279672
t3_jncp2,0.39651937703401524
t3_t7qee,0.17671891793128872
t3_zxawy,0.5754141796929257
t3_id14p,0.17425843753378897
t3_1by9im,0.22213598465677092
t3_hwxwd,0.24131788127563122
t3_jmo2j,0.12003596714931238
t3_wc93i,0.16295090085009933
t3_qzu7s,0.11302259750953438
t3_xn9n8,0.11253517982571887
t3_10vrop,0.2330010448236583
t3_1crhe7,0.2385741719319874
t3_sz4rm,0.08144735051080026
t3_micek,0.30913076762347586
t3_nbkbt,0.22261292201770788
t3_13jofn,0.19418903202679022
t3_1fwjjw,0.33693340835767555
t3_q2spw,0.09832885242790057
t3_v8f7b,0.5801454527482768
t3_1cnqfg,0.33305863745211267
t3_xn0no,0.28217538904257844
t3_ki6jk,0.19926778489162558
t3_mbcj7,0.35213145771093907
t3_j65lu,0.34861088919740973
t3_jm9ld,0.25847014686296493
t3_tfo4q,0.30720330186807404
t3_1160fi,0.22147159137725567
t3_yg7bf,0.4041858510388531
t3_naauc,0.1779278720468554
t3_14tdkv,0.2803260602804848
t3_ozrs5,0.22490250260441624
t3_mywtr,0.11199453809515166
t3_14bzcp,0.2433424680003535
t3_1hwd6l,0.21679621283083894
t3_10wbvp,0.27186355857248357
t3_1bn2ov,0.24856796666522915
t3_14talm,0.2280239159891362
t3_13seyz,0.13009313080073545
t3_jnywu,0.26298400865759725
t3_tdww7,0.16020003506612762
t3_vn1l9,0.16714663358376863
t3_zhzk6,0.9493632361869526
t3_1fyoex,0.15353026646713067
t3_11t3kg,0.15129938994507847
t3_tubzr,0.11692363014645908
t3_1gstqn,0.28286200946149476
t3_1euaic,0.21378509747738322
t3_ynaia,0.278188982735291
t3_1mwhh9,0.1521870138315453
t3_m1y90,0.16820016921412004
t3_1je8f1,0.7682656935609578
t3_rx4zo,0.2026543694092718
t3_1f8kvl,0.1587300127199827
t3_1is6ya,0.1488994450246699
t3_iai8b,0.27142238725114437
t3_1fnw48,0.31171762118408625
t3_vmwzf,0.2101303188271562
t3_jg8jk,0.18638241769130726
t3_12hejm,0.37749632300583574
t3_1krjs4,0.24477974845340367
t3_k4utv,0.2560142437436119
t3_xbitu,0.23902701884275815
t3_13y8zq,0.15247206269883778
t3_q60gf,0.246655173767597
t3_jb9gi,0.22441695337109357
t3_t22lo,0.3360388655541664
t3_vptrf,0.3222108086916241
t3_1cexg7,0.418039153252425
t3_yuxak,0.08069341905346027
t3_kdstl,0.1226712394358331
t3_1gy3zk,0.21937207554710195
t3_1cn4fz,0.18601545916209677
t3_1o5psw,0.6779344786274417
t3_1fi04r,0.2187586910803817
t3_ovnya,0.2228658791864308
t3_puk2v,0.1253038189582019
t3_1mwqc3,0.17707414306510252
t3_hueth,0.33565857510072455
t3_1muyje,0.4539668148108205
t3_l5kka,0.1687654102099595
t3_1cmihx,0.22389367378171987
t3_10j1np,0.17483667109398066
t3_sydf2,0.26014356859778004
t3_1fcf2h,0.1602031800609952
t3_m2id2,0.1630025972902482
t3_m0vt8,0.23567100769271387
t3_14t7j9,0.18929365002984072
t3_1b0jci,0.1317398889381004
t3_zsa2t,0.29998695397259806
t3_xd60b,0.15007220326891818
t3_htzo7,0.31191947391926117
t3_1hl0jw,0.26221650065979135
t3_19lq75,0.22688368614330318
t3_1bp2u8,0.20197177430355023
t3_jdxtx,0.19428652623676437
t3_j68ur,0.523141865739303
t3_10fo7v,0.25475752985012523
t3_18cqfw,0.22421586021627715
t3_1bp1we,0.1903347415583544
t3_hzzgp,0.32157338340315306
t3_jrzko,0.22299874678747694
t3_ieglz,0.14200010292021578
t3_113kuj,0.20363431943805196
t3_ledoj,0.1543903480358135
t3_iy36f,0.14854934062372302
t3_113qym,0.2862976597632282
t3_zha1q,0.31835054202161034
t3_16xsqk,0.2074769656079735
t3_tq5qq,0.22383047258488806
t3_y2qle,0.22390866638337328
t3_jafft,0.17091337058006556
t3_s6iox,0.26458125410741296
t3_vhs8y,0.1410758109199728
t3_kyw1u,0.19969872643296954
t3_12839n,0.3406261642601034
t3_jsaom,0.18100559165105645
t3_qmp3p,0.20758051947930073
t3_ny3zk,0.2658951732489689
t3_lkmwg,0.27660159017502417
t3_uhmf8,0.2226503870119955
t3_hyr3z,0.41756043405769544
t3_pvs82,0.3128043268139647
t3_htfi5,0.2741012979156525
t3_ltyr4,0.17557744446275525
t3_x285o,0.24813280572290092
t3_j2fxf,0.38702197924586695
t3_lt6l5,0.408928071992858
t3_mlwsc,0.2121333918802241
t3_kwlpi,0.39759573976971374
t3_susbr,0.15608935035910274
t3_13ww4i,0.19493491413151207
t3_rs4rl,0.2337948242989544
t3_12l3sq,0.1356466621664308
t3_1e7zhc,0.15735640293887776
t3_14ssun,0.15125886909109548
t3_pbh5x,0.17382219824068657
t3_1iemsj,0.16522377636243346
t3_qdn9m,0.16611799577279093
t3_ienvf,0.16717929602633638
t3_1ckh9t,0.30638893651167287
t3_hwzc2,0.24348018398668184
t3_p3lkq,0.25527049920457207
t3_icr1j,0.1790351618000071
t3_1ipgcx,0.22527267797938122
t3_iqw0f,0.16185556068626447
t3_1fbfeg,0.19833289941123466
t3_j7us6,0.23803736270763595
t3_iwany,0.19063935290501582
t3_mdhq5,0.2830523968817099
t3_wag1s,0.18527056670354783
t3_1kvwpq,0.2698310160119254
t3_plp25,0.1315874554942516
t3_k3qyc,0.2068517617770314
t3_12txtd,0.1308725293054859
t3_irj2c,0.1627072316233009
t3_qnrv7,0.38621632712805287
t3_m7bdd,0.1772379166073866
t3_10qngl,0.13228255890220195
t3_10d4a8,0.27062627406918344
t3_w160y,0.3013966883763731
t3_lp1ux,0.20593519161956364
t3_1i6bna,0.3400735163616134
t3_1g74wk,0.3614677823385561
t3_18pv4q,0.18067290280102924
t3_1epv0f,0.3260797594137723
t3_1mvb6s,0.2164193553856421
t3_17z37c,0.1768800370910937
t3_m6np7,0.18843859922870265
t3_11tiox,0.14844877374541765
t3_jf55a,0.1342010411029498
t3_l3g0s,0.1625573195097621
t3_19p6mc,0.13716195721664695
t3_xeedv,0.1700034863176163
t3_slq9i,0.17800591894778428
t3_jirtz,0.2638421425183233
t3_tblcz,0.3065713266473088
t3_qqud3,0.39189935038911416
t3_r06po,0.16755107001613956
t3_1l2a9r,0.31869721971691484
t3_iefba,0.9506734754062585
t3_kbc4h,0.18035532769789472
t3_mc7hx,0.21415558164102977
t3_1cyxp5,0.5798924135202601
t3_1lmc4f,0.3289692003035935
t3_wo6p3,0.30199556008050865
t3_ojtem,0.10374099129539506
t3_k3yrb,0.1506812479476839
t3_i8xhn,0.1945099788428143
t3_w6xdm,0.2552265649285671
t3_1mxpun,0.2168487702177357
t3_1lx6vd,0.8266785004158634
t3_j8hka,0.2242314695716518
t3_xawwv,0.22187442728874815
t3_1l19vv,0.176864787214582
t3_j4vbo,0.2883976890982614
t3_1ikc0d,0.3269798945687121
t3_m6rdr,0.15831130862594836
t3_19xxso,0.2747852626212442
t3_jt1ti,0.1896279039360321
t3_1abab2,0.14259003732617112
t3_17rl0y,0.2751232764546307
t3_jdfhh,0.302701528329237
t3_1atk3v,0.17420974234181452
t3_tglzi,0.16884496183652856
t3_1iv6uf,0.11745894528008068
t3_p85iu,0.3880798261224394
t3_x9v8i,0.1598687091410052
t3_mwclc,0.2904695244848187
t3_1432t6,0.36559054736514857
t3_1732xx,0.22127903481800085
t3_uaqw7,0.16544944125257138
t3_jwam4,0.19798324797513137
t3_143pb1,0.2626009676697193
t3_ixmw3,0.26649406860300995
t3_roye7,0.2503974321311361
t3_1l1b96,0.16902679356827038
t3_1lfxmx,0.17563708575276746
t3_sm0fi,0.16691079354303745
t3_x6xfz,0.32017268169962076
t3_1akj1c,0.2141393623637538
t3_jzcyp,0.10230429949111976
t3_o1gb7,0.32311203263383453
t3_1dapt6,0.21388609406805895
t3_1a1wmz,0.3609122828224101
t3_17apty,0.1547200793559837
t3_13fi4r,0.23388002818743914
t3_1ly2ne,0.13680013184749126
t3_1mvmz3,0.20067965548177094
t3_10uh4n,0.28939963946695657
t3_1m4s8q,0.24375988931141374
t3_wd1bd,0.1435942294801614
t3_ifih0,0.14192290367861354
t3_1hbxzi,0.1770433348701055
t3_qs09d,0.20635453022548128
t3_mjf5t,0.1354196839947566
t3_12p4qj,0.3390126882277841
t3_soea1,0.27285048963160025
t3_jly5g,0.22899311483805423
t3_1lcmkx,0.2217238314313296
t3_1jo0bx,0.30704635633950694
t3_1ltp6r,0.30305699029480904
t3_181l4t,0.3399997797927713
t3_ipzg4,0.1088424427328359
t3_js0ju,0.40026758375400606
t3_1gveed,0.21915425291932092
t3_tozvc,0.22684398035094475
t3_1kilzb,0.13671687706284213
t3_185vvk,0.2259175324015158
t3_m47yc,0.2754665672882138
t3_1mg7m1,0.2668069862227272
t3_1mdya5,0.2074479884296026
t3_19ctqj,0.20506436567122782
t3_1mim72,0.19453430382569326
t3_iymko,0.3936424907662861
t3_opkmm,0.35099874216118526
t3_y466n,0.1978909680143966
t3_jx9tr,0.11275025859318959
t3_10zoec,0.35511649244777665
t3_u08u0,0.23571172128691756
t3_19ob9z,0.21952050448306595
t3_jzkd1,0.18926512704706358
t3_q73oq,0.1165344125702528
t3_y5vj7,0.23288042168602954
t3_y8w7b,0.2712894838706329
t3_kxjsp,0.12074010068178327
t3_1ivwvt,0.2551430308186198
t3_x768a,0.09715449375795417
t3_1iv28l,0.2556360169176939
t3_1l27b3,0.20410358290066766
t3_q1xxo,0.09394500146898643
t3_jb6na,0.2533598062814654
t3_163bzy,0.3546878385967507
t3_qsejn,0.23200536340001232
t3_1nbrku,0.5723569048815428
t3_1ej7wt,0.20092064181140415
t3_zh75s,0.1270226963752685
t3_lstm9,0.12686059870994668
t3_1j5z7e,0.2446719496648151
t3_1574sv,0.3018628613256866
t3_wkdxa,0.1928683821246416
t3_pl5aj,0.16076564381271044
t3_qap6u,0.2740692779849609
t3_1gvnj8,0.16730285021951066
t3_js9gy,0.2323667592447152
t3_is8cd,0.1694753464723225
t3_lbl8w,0.23526357518724908
t3_uozbx,0.21814057733486497
t3_1lxntp,0.22635867336335228
t3_11n72r,0.20107642311132448
t3_1iez8q,0.18749844201782884
t3_ozu7k,0.20310413086678453
t3_owy0m,0.10782409249339181
t3_1md6b9,0.26105757411174224
t3_1ex028,0.20109576387489136
t3_1dg2bk,0.24749016289500653
t3_hzt8o,0.2052479235486655
t3_131n6r,0.1664051384704726
t3_1jxgvf,0.343485383091082
t3_jmdya,0.08997037734807427
t3_mg1zt,0.23858349973068482
t3_j0cz0,0.2331050587518987
t3_k1gsx,0.3664305060748392
t3_1dmups,0.19204705855229803
t3_x959y,0.35896420723270567
t3_nnbds,0.2762986040916761
t3_13trxv,0.15471440526971172
t3_1awfml,0.26224617463283384
t3_lyy5x,0.2810452638619234
t3_1iwegx,0.28383486254832063
t3_193frj,0.17646685627123748
t3_1iudup,0.2457803383563822
t3_1fwbdg,0.18479902413459814
t3_16xtvk,0.30724257790627874
t3_1ipepz,0.17244625889328502
t3_mhcm8,0.18743112696691985
t3_1gq3gs,0.4872783866328456
t3_vghwo,0.1404781762272295
t3_keseq,0.2360621196399406
t3_16z08l,0.3531407463377335
t3_mas62,0.27813819481314345
t3_1isgm3,0.24328129150023836
t3_puwjr,0.12917346932069423
t3_liudo,0.15910874860916752
t3_jxh9m,0.21450434710188415
t3_11yzo2,0.22755505386989638
t3_1btj3q,0.21461876607819266
t3_lfma1,0.3231675536295724
t3_pbyjt,0.1382116430479909
t3_1jo4f6,0.1635257658076526
t3_yejtx,0.28191233389256193
t3_193zoz,0.1353521404069622
t3_16w2nh,0.2183019431351303
t3_jhmef,0.16535955919570963
t3_tlbjk,0.20190546311265414
t3_s80om,0.3757637698914054
t3_kwrjo,0.20614434721010966
t3_1cw1ms,0.2863492998500156
t3_uj99i,0.2795181236942109
t3_1apdwu,0.2385003747436961
t3_iborf,0.20305622842255688
t3_12kfy9,0.13930230718491352
t3_126tep,0.12929756945624235
t3_ji3ca,0.25544782814350847
t3_lqnpz,0.24961378164515308
t3_ibvn8,0.16200803971136926
t3_i50i4,0.29776306086520704
t3_lushm,0.14275272225600344
t3_iffit,0.18417532151415317
t3_12nmdv,0.15676760193562575
t3_1lrh6u,0.2905353519749827
t3_qvbzt,0.36514924998923376
t3_1iez5w,0.3301523546976359
t3_ql5gi,0.22629810209072718
t3_1msxkn,0.19637870691510184
t3_jf2fg,0.5118250992098253
t3_1g4lyw,0.26021815297486883
t3_1k910y,0.3370244384124265
t3_x3cmt,0.21704379570507057
t3_x9etl,0.6254948284885937
t3_klaa6,0.19683562954247724
t3_yht6g,0.09988546564777039
t3_y2ljd,0.2930045945304922
t3_ialy9,0.5104670484642456
t3_naq48,0.23492695769044508
t3_107ru4,0.2307118002856373
t3_1ihfkx,0.2557059856348972
t3_1ll049,0.19958013404241837
t3_12nmjl,0.24922642783087248
t3_1mit7t,0.21350063334478306
t3_1n84jc,0.1748229866973671
t3_1boflh,0.23406360618640332
t3_121toe,0.20108300049246802
t3_umaqa,0.34398698501709923
t3_i4ck0,0.21357830427720897
t3_193zo3,0.18022540902111245
t3_1jggdv,0.19259403407871203
t3_lencv,0.2568744961805564
t3_1ahfft,0.19824739893501656
t3_vpa6p,0.2518141085631663
t3_k1yom,0.41406790515141423
t3_k4nfr,0.1978105891270176
t3_iptt8,0.1675541416491089
t3_1n5n9z,0.20861961590427838
t3_sss6w,0.28255105681285264
t3_jb038,0.2019933164720567
t3_v8beo,0.3522475964364979
t3_i9qjc,0.14783157830859578
t3_uoywy,0.34321923448054487
t3_15gf4h,0.29007036756853516
t3_z7i98,0.1739284463827447
t3_kibv8,0.07987784889733372
t3_lope8,0.1891992263660404
t3_116umn,0.2782399038715909
t3_k31fw,0.1644083063870286
t3_yl88m,0.326217790368058
t3_iypmh,0.21282952239530645
t3_ihdnr,0.21048398859310308
t3_15jy6m,0.21570146365732404
t3_1l0j5d,0.2319063114876479
t3_1diu6d,0.35245435569520484
t3_1fzhzr,0.2834686158028425
t3_iclgj,0.3016211722611481
t3_1jzcon,0.24417489227948078
t3_l2tb0,0.0839857053787181
t3_16xpx8,0.17628511404462716
t3_1h6hhv,0.3952708051146455
t3_10u7w0,0.2091525100656924
t3_vnbuw,0.22883661251675086
t3_j0p9a,0.1741864617197833
t3_z59mf,0.25316852513002946
t3_1lozqp,0.3173133933965981
t3_mwzrw,0.20802945297031117
t3_iri2m,0.24225710289006486
t3_qc8g7,0.2640399185672952
t3_mkd95,0.27889827722089605
t3_yl0d6,0.5392657501832832
t3_1gtjtl,0.37647255383794825
t3_1l8cy1,0.253216939635839
t3_k0rt7,0.16148896381428612
t3_17bfiq,0.2476328619104996
t3_10ha4t,0.23857714116484155
t3_ylne2,0.20532905198003357
t3_q3bzv,0.2312028286592294
t3_100ws2,0.36073385603816666
t3_wkix8,0.23034076331770229
t3_1cqwsx,0.2674406291681874
t3_144op5,0.2957667139513004
t3_pmvgu,0.22207359002552202
t3_16bg93,0.37289049590587503
t3_10a2dc,0.15935637788129786
t3_pt1qv,0.25664007236187875
t3_1na4hu,0.2328520611742003
t3_1lt6br,0.19624850034892272
t3_152ods,0.18113584154222107
t3_1j96zh,0.8545320836117488
t3_ialea,0.22987600593760454
t3_1kiib3,0.24836998208005875
t3_zj8ln,0.16716583726054218
t3_1ku1id,0.22619338611041412
t3_yq9dd,0.11028811717252109
t3_j1ppy,0.33190230930389425
t3_12rcts,0.2302293191315476
t3_1005cj,0.2379150206413064
t3_v10wr,0.1672837557750178
t3_10tzmd,0.23972740044279467
t3_1j4sg0,0.16440953237801567
t3_13y2ou,0.2013253380002676
t3_16c7pm,0.3273724985181251
t3_jpyr1,0.2319303677165958
t3_ynmkd,0.20192038769943674
t3_14wvfb,0.16756199799771174
t3_qj5j2,0.26039876311692034
t3_ys4zk,0.20594354431553977
t3_1imxgn,0.28762515371935554
t3_ukrwy,0.31145874857516803
t3_1b4spk,0.10434482405939711
t3_wpp9o,0.22580302351426343
t3_s4jhg,0.14308733095867024
t3_i2vq7,0.1421264177023476
t3_1miz3n,0.21008361606549375
t3_1209kl,0.2022736065692714
t3_wh0l4,0.18163815183527288
t3_lu96s,0.11447942795223849
t3_kcfr0,0.3267931088020437
t3_1myvpl,0.24178693692437966
t3_1l0lpu,0.23883077754096826
t3_z1lre,0.2811751990261141
t3_1mu7o8,0.16030743479194592
t3_zukcs,0.24700543726911392
t3_i6vkd,0.2634477286179701
t3_kcldp,0.5435355828429582
t3_19dhd6,0.2948339236846335
t3_1i7c6y,0.19315589756848536
t3_seonb,0.18846502505314647
t3_rv4en,0.13022568533089357
t3_qrwex,0.20421510726665532
t3_1mo5ws,0.30280673984423423
t3_ndq9f,0.24742316404208972
t3_o0l9h,0.22608491483347465
t3_tds8d,0.43158284716972983
t3_1jde5v,0.22054566981394333
t3_12hb73,0.2322742098220901
t3_juemz,0.23414024093224833
t3_kh34f,0.2730812850778438
t3_khwp6,0.5317875570950359
t3_iqumh,0.4422660549992692
t3_pszmn,0.15287268493172843
t3_1mx366,0.12633939164050517
t3_jcm20,0.16873300355334186
t3_1bbzet,0.20447454635582146
t3_iowa1,0.25049747149472085
t3_1h1syy,0.20073522783701744
t3_myx8u,0.3335592625184593
t3_1g7ny0,0.19994598634844138
t3_17tkid,0.23940063201735462
t3_11hcyw,0.16887270594312337
t3_n6qkh,0.2526243809222332
t3_tmn3s,0.2117217611598864
t3_11v7q2,0.1696761391047805
t3_1cd6yv,0.3432966634298271
t3_io0oy,0.41526215962634117
t3_1hip5p,0.2396932523697932
t3_1gkd2i,0.17844366686782212
t3_hvgv7,0.36661166701682324
t3_m5a39,0.1239115798623885
t3_17sl35,0.2628157568450351
t3_utp3h,0.2344801888041818
t3_10tv7s,0.156555696047599
t3_1a40n4,0.19283608042067582
t3_kj8a0,0.23168767445059404
t3_1mgrri,0.21946547958730273
t3_1nd11h,0.31313145530915715
t3_1ldhfb,0.14775023914489366
t3_10mo95,0.288685440847194
t3_sx32l,0.2298548146724822
t3_pw2mi,0.23743547907280285
t3_o7co1,0.14448691054561635
t3_16stuw,0.155033797131404
t3_1ctx4r,0.10856069228572382
t3_1adx9s,0.2312469393368923
t3_il9ks,0.13678585129816875
t3_rp169,0.30840964220615147
t3_zatki,0.23145968595853572
t3_iknip,0.21239464603008137
t3_uhoi3,0.101836797264098
t3_uz6m5,0.20167224260773137
t3_127wms,0.2898797438685078
t3_16bong,0.13523042434970936
t3_uz1hn,0.23744337308818447
t3_keq0w,0.2484434619225334
t3_y3hef,0.23235573627055128
t3_iaoch,0.370741054468279
t3_rf6ne,0.2865132144678207
t3_1cjpyc,0.2555598808412271
t3_t1rba,0.2060083407209058
t3_j5td8,0.3976299806132098
t3_mpkb2,0.2264085272570315
t3_x8k7r,0.18957895122573398
t3_ikw4b,0.14246995702500745
t3_1784zg,0.29184761052577796
t3_it7o4,0.15273571644977782
t3_zv8j4,0.20347258819409328
t3_12t1lk,0.20962642825537695
t3_vjk10,0.31479570319395506
t3_khwh9,0.17246650024178417
t3_1b7u1o,0.12416502846332773
t3_1l2duz,0.10802197709783992
t3_wkwew,0.43550931281195876
t3_l1klc,0.18709159321176608
t3_1epqt0,0.4866552256167583
t3_1mvp23,0.24375940124121964
t3_tnfo9,0.281423643692039
t3_ka7al,0.23970507138142752
t3_wwl2i,0.2607790932569127
t3_inkwj,0.27960623841120846
t3_ilt19,0.38784466747942725
t3_pgs0h,0.1714057564506135
t3_iwfey,0.19235636132087738
t3_jqgd5,0.25600918003330797
t3_qc5o5,0.7199425740766056
t3_soims,0.11045401742618871
t3_17s4gm,0.14835921327590215
t3_1hq0de,0.19837333812137856
t3_jigc8,0.11196575076854613
t3_1l2vma,0.16188371492161516
t3_14t437,0.31450916177463434
t3_19jx8n,0.23011852833054014
t3_n420r,0.1269436403456571
t3_1czpg7,0.3067403382771928
t3_ishzm,0.34498500431698337
t3_nx2c3,0.2798491697338009
t3_1jx4g7,0.30430227732155896
t3_12zak9,0.29492545641158957
t3_p7o7p,0.39007040612543753
t3_u7588,0.09665629533369274
t3_icoi3,0.2984112651435261
t3_10p6bh,0.0861523701916205
t3_j0ert,0.30511126112846
t3_i5pv9,0.1621353322397384
t3_ncw61,0.3488520276243529
t3_1a6oez,0.154599862496833
t3_15zae8,0.25431686471052606
t3_118p7t,0.5178434334533458
t3_p1s5g,0.2578156334556487
t3_slvkc,0.28292421841286824
t3_1n0mel,0.13963293401136398
t3_z9a9f,0.1018740883874146
t3_vzxe5,0.20469931695354446
t3_103oiv,0.08706567253583197
t3_14wzoi,0.26626592190026527
t3_1ib7b2,0.3675830078698562
t3_llyi4,0.1586578170483364
t3_1kxzgl,0.32839353259744747
t3_ihdep,0.2942699881374851
t3_iui32,0.1455837469363237
t3_pwu9g,0.25969745830478275
t3_1jd4uk,0.23333711225942697
t3_iq6md,0.23069274661145853
t3_x7u2w,0.40882836834026576
t3_1j6vvd,0.26536030933874344
t3_103ub7,0.27131103355302993
t3_14a8dq,0.18072232752919626
t3_m99m6,0.39299469859300906
t3_x7oqf,0.20476104255268765
t3_1ce5o7,0.3113535889929379
t3_1cvjjv,0.22735432298607633
t3_1nbngz,0.2769050446375621
t3_1a8xdn,0.22269795223847208
t3_16yaml,0.1146638991559401
t3_1i8aq1,0.2793703486333864
t3_15nht5,0.2357821198146019
t3_1glm8v,0.20529526374996457
t3_l8c3e,0.2197008501897425
t3_qgp7g,0.17899458770416013
t3_1bbkjj,0.4415310702135568
t3_l7tdm,0.46735013790427865
t3_oqfw3,0.13889032379820487
t3_vn01f,0.26072145662748136
t3_j7spk,0.43552928057535284
t3_k6wpu,0.3642442981777539
t3_wywms,0.23949690534460105
t3_1mzwgv,0.3496183742985839
t3_1g30en,0.22541973199757945
t3_1lqpgs,0.3186053823903217
t3_xlntv,0.29962149412619804
t3_1jaeay,0.27267140487587
t3_xwkff,0.17046094596067102
t3_qble3,0.3283455798494178
t3_vgtvb,0.08828109117073246
t3_huun2,0.1878819043245065
t3_11iwbh,0.30885133117699687
t3_saszu,0.31303737345261307
t3_17ziw6,0.3368083976271634
t3_nfyao,0.4110346128467464
t3_zuqs9,0.13865657304732348
t3_1aoyt9,0.196011329315217
t3_i5viy,0.20408098458496243
t3_1alsyg,0.17682274065326925
t3_1i1vg0,0.372178039660976
t3_ot0gt,0.3895216570663165
t3_o32bg,0.23308281756886345
t3_1ihs5o,0.3614503959239582
t3_n6ike,0.18251365543341092
t3_19w1fa,0.13375935426237237
t3_1iz7w9,0.245347044972325
t3_15irym,0.38154277209682497
t3_recpu,0.42688829400149353
t3_1bnjaf,0.171809534576824
t3_mn557,0.29677477312395806
t3_1iuxw6,0.2472656912672266
t3_1eipbs,0.4341206564133763
t3_16gm64,0.19419672051189488
t3_z10a2,0.16811464783229807
t3_jq2qd,0.17567182975688336
t3_yl0mo,0.4664656201397516
t3_iburr,0.17058784371500735
t3_ijk8n,0.13375926614756595
t3_jya89,0.20423917580064216
t3_mslxz,0.2633346563269797
t3_1nuvzh,0.8291117832130662
t3_kkd4w,0.1906407307818532
t3_qbp6w,0.24055364689056596
t3_1g2qc7,0.21024907982688334
t3_10fjy1,0.07334993269777527
t3_qzqrr,0.17828020850554163
t3_sizfg,0.33407453910319646
t3_k6dvb,0.38245053574882215
t3_jx8c9,0.21931936529220175
t3_1l7szl,0.38280560144593884
t3_kal40,0.2945866480065895
t3_y80tw,0.15071890347256142
t3_q087s,0.3430573915493021
t3_wcv08,0.19749462099050338
t3_11ybtb,0.26855647586750064
t3_jb0sr,0.1649786511563559
t3_iqyh1,0.20255854114207048
t3_vbvas,0.29304478622767555
t3_i77kq,0.3723922127748362
t3_kn4tz,0.21870468005178906
t3_iql59,0.29745399728740574
t3_1jtmxq,0.4148554745389031
t3_1g4n79,0.27315786550832605
t3_18a5ku,0.17016073963377382
t3_1eojga,0.1833919585265214
t3_qyoqv,0.35387034601854855
t3_j0c1a,0.3013073762289543
t3_14yxcw,0.18931090332025538
t3_16n6pk,0.3750974715896883
t3_vmld7,0.20245571322748537
t3_19wz0p,0.22464320841224017
t3_wh5io,0.3293802692299243
t3_wllf8,0.13897435654514567
t3_1j8sle,0.5014322522465889
t3_ygzwt,0.29174033223190604
t3_sf1tx,0.3008072357648953
t3_my2jp,0.252647907056527
t3_1csu44,0.2940110799580453
t3_1gzwv3,0.8530686059229011
t3_14i071,0.22892425838804087
t3_mlvt9,0.2476079221824309
t3_16bki5,0.48994632219354284
t3_1irwdx,0.3217445904813967
t3_o9r7b,0.17625230056283372
t3_14ul32,0.31938060860437856
t3_1i0eh2,0.2877337089015028
t3_mqngj,0.27332165127521885
t3_1crdrj,0.15185763780109177
t3_x5h3j,0.3565006807325286
t3_1kud1g,0.17874106494434316
t3_iokob,0.2810972064517681
t3_lqc45,0.1534817189021087
t3_1nbk5w,0.1799452353743508
t3_1dqyg1,0.2178907646610802
t3_1lxc6a,0.34317535681010575
t3_16up9c,0.16527882806753486
t3_ki92d,0.13480756956627601
t3_xun5w,0.20399770184686644
t3_jp37k,0.07685279022038147
t3_iw40l,0.2588752655125448
t3_1bnc88,0.15491105326774823
t3_nf344,0.2000818115359618
t3_if7k2,0.11788248295598762
t3_jkyp6,0.09627916738394943
t3_1cpe20,0.37742154442500153
t3_tq16k,0.10911642868835804
t3_1dd5tg,0.18985048103413596
t3_16smd3,0.4021518408279844
t3_uumxf,0.23427175317149193
t3_1ihpy4,0.28034995843287686
t3_ip2hr,0.7080353145890239
t3_pvcnn,0.25645335806642994
t3_16kriw,0.12959305164854423
t3_lwy5f,0.3921847079497052
t3_wy5o2,0.18880915057770192
t3_15995m,0.22983641736603988
t3_1g80pd,0.18624053699210275
t3_vt5ky,0.26714612676157296
t3_kpi24,0.27088094204313645
t3_15uhsz,0.11255541872306045
t3_wy5zu,0.16169820619106312
t3_x3kb1,0.3048110315051064
t3_j6rym,0.2460996428759241
t3_oseds,0.29689000999753024
t3_11u31u,0.13965087162277368
t3_r167g,0.09572961201043044
t3_1dauom,0.30190998687390747
t3_11h6ki,0.1566421124701727
t3_y9wpd,0.14307739497066316
t3_spamz,0.16284569778864733
t3_1ikz3c,0.17783626808504296
t3_y60rj,0.2288753094216193
t3_vctql,0.25369669218764185
t3_k50j9,0.19068040217142035
t3_iavvx,0.24848910427524548
t3_u97ej,0.2675199694354641
t3_zeqka,0.15192215153079608
t3_ivcii,0.1839827444591104
t3_10u1pr,0.20239340384254914
t3_ibqzx,0.12455414895266545
t3_k1f2x,0.1336678640290342
t3_1e9rou,0.18756288976428795
t3_ibp27,0.13958464356718758
t3_yfron,0.8459842057247426
t3_ity9v,0.2642049392217681
t3_16tpsb,0.2245967311278775
t3_1iwtmh,0.27155460287694416
t3_o8a74,0.2153326597291212
t3_lqmfy,0.25332328168709445
t3_yabhi,0.19379593044797816
t3_1gzjki,0.2693318654129953
t3_qlw5i,0.2030476242236525
t3_1iwu3k,0.2522852215601712
t3_wzgke,0.17657162538782584
t3_x60uq,0.2205749895999083
t3_1n8ya7,0.2106603144992114
t3_1mxh2m,0.2893183794282888
t3_nuc18,0.2117151422574918
t3_n02dy,0.4804050572905827
t3_19jb1z,0.2155634625965581
t3_1krrqc,0.28352677195617226
t3_xuxaw,0.1270374741564245
t3_xoqxy,0.13415314732523875
t3_1iu6wt,0.3132999072740702
t3_1hbjrr,0.12273110144038846
t3_14xerk,0.24259067268139628
t3_o4np7,0.2008027751599931
t3_j6rve,0.3650295871601996
t3_zjzx0,0.2149811982030476
t3_wdhwu,0.06713374438939272
t3_1ii2m8,0.2413058748384172
t3_12jnd7,0.11804554120345921
t3_noqvy,0.19056595913530702
t3_1nbmq4,0.42031832580513834
t3_13bycv,0.2974673673482266
t3_1d3knr,0.35133345559463175
t3_wogdg,0.22898674606145392
t3_11q44h,0.1584822287067617
t3_12nzg3,0.32194336829785347
t3_17tw9t,0.14224433702490172
t3_if2lx,0.17330617649240895
t3_1jun2m,0.23208826763722465
t3_19cylf,0.24143187740711325
t3_jt3rn,0.2204774077762933
t3_1ibd5b,0.39698612555854385
t3_l7cxz,0.22899481012519482
t3_1ci2kn,0.11859070040095356
t3_lcdp2,0.1806499214825554
t3_1lfolk,0.3774322049138312
t3_1j8mbe,0.22969989921777917
t3_jx8ma,0.1026450945670605
t3_1cu42k,0.1803119008044865
t3_kalpb,0.23518299460205747
t3_12lehd,0.3228677065315746
t3_kskxw,0.19916958809215324
t3_1n296f,0.27120171699722645
t3_lgsol,0.35030713089639576
t3_i82id,0.37707774127260346
t3_n5ee3,0.3520204305982667
t3_mw6mn,0.3092960237831678
t3_1c162l,0.32028537199421586
t3_ihvtc,0.6458254988565437
t3_154oxy,0.21713588040514478
t3_kqiam,0.2150831999727094
t3_n5s0d,0.35874520802247994
t3_10kx56,0.31469176295585877
t3_v1zxp,0.35177995807128604
t3_11oca5,0.2891374320758693
t3_lhtt9,0.2710962530115285
t3_o1sex,0.3319575713241883
t3_10opxp,0.10188023977161462
t3_11l9tf,0.19383748816598786
t3_wad1r,0.24992387011913944
t3_11ub4a,0.33399059770011896
t3_yrhwg,0.28944622745003923
t3_wapmb,0.1382807896700339
t3_1azh0f,0.5517577472766044
t3_1cyenp,0.321614925728456
t3_m4a4w,0.3058160051648635
t3_16ei1j,0.23429132609867348
t3_17dp7q,0.1992791268498679
t3_1b1yue,0.19142279318989872
t3_128jt5,0.3686424368362516
t3_xbm38,0.28009248833883815
t3_1hplyt,0.2480939166197525
t3_yhdcj,0.1936604862885997
t3_1h7v40,0.1803517958762781
t3_qywp7,0.27398250549544656
t3_1mjo0g,0.19620359618723981
t3_i2gwx,0.33646749974965884
t3_x7px3,0.24121440364032393
t3_17crrn,0.19500162175404243
t3_15muo0,0.14819633303323473
t3_iatwz,0.36299631831653867
t3_j55ss,0.3366495842748779
t3_1ah59z,0.11299496336985582
t3_1hg3ju,0.8422190606411903
t3_kfdgh,0.21999006175635347
t3_l61uc,0.16504461642397864
t3_w6c9t,0.2853890224771479
t3_m5gfe,0.18696423520566116
t3_1nuw9m,0.39587507494269764
t3_rc0s8,0.23545689790795427
t3_n04lh,0.11773099059547142
t3_ozr08,0.21310933595849338
t3_k5v9b,0.11277488144185012
t3_z1zks,0.11869802769567842
t3_q5yda,0.19078521929262732
t3_y3xyz,0.15858907675200865
t3_julqz,0.14437185057548024
t3_14tned,0.18210087241987732
t3_11ppkr,0.24695951007100447
t3_1cruvk,0.26136539577598894
t3_s3iwq,0.31673108499373015
t3_iqvav,0.09787945249147345
t3_lzc3o,0.5112285373061007
t3_wgfco,0.15913847635093117
t3_14tp3u,0.21486730853341943
t3_pgnfb,0.13380806542060658
t3_jf2ir,0.1645597481529776
t3_k4gza,0.16959121799755456
t3_10wg2c,0.22003312202587355
t3_if7p7,0.20227465258507718
t3_m45jf,0.12698614785690665
t3_uf051,0.4444963426490254
t3_17mn5i,0.281201740136121
t3_17gl52,0.22832284293608276
t3_iqvla,0.17559083085120145
t3_ldki5,0.25959719202325776
t3_1126jt,0.2733014438685765
t3_mvsb5,0.15117100919067505
t3_n32ze,0.18686365145725103
t3_gl7ef,0.23420012185618322
t3_iug9n,0.20368181422672113
t3_1ewdrb,0.3879611312651267
t3_tdu8m,0.36572247325227264
t3_k91wr,0.32177705838599274
t3_r0h5h,0.21565879681710803
t3_ifbw5,0.24528480987276527
t3_1n7sx3,0.2580562833729664
t3_1b5a4p,0.2822439679315516
t3_iamq6,0.5140118279955768
t3_o6z29,0.10876273979024954
t3_jydqo,0.24075368690030297
t3_p3ftt,0.23050592997147665
t3_pupzc,0.3509071965994229
t3_tn97v,0.11647549125067326
t3_vqsnl,0.15842891649705326
t3_12cxuc,0.18255544644368277
t3_1ktx51,0.4615183743372346
t3_tydcg,0.1688274831956969
t3_hug18,0.14017799007440804
t3_mi7ma,0.2052819656875001
t3_l67if,0.12814874466200613
t3_1lml71,0.26043241611158424
t3_otuha,0.12932132776097438
t3_1dfe2n,0.3569158730338131
t3_zkui3,0.19398516300460136
t3_1mh9w4,0.1549119501075479
t3_1jp3f1,0.270165494472024
t3_16gr5b,0.15753615695259326
t3_mwd82,0.11672008713780004
t3_1jn1j6,0.29395233307522506
t3_1ezf35,0.2102371381440354
t3_1j4ytk,0.1827479245311789
t3_ud0gj,0.1084805647698613
t3_1f8knc,0.19299916119324478
t3_vgool,0.3546538507696055
t3_11b1ti,0.12521795255924942
t3_1aoz8s,0.17443259988545526
t3_1cr1zd,0.23364154956439376
t3_yvma1,0.19056777014088608
t3_ifzvz,0.17675211809300692
t3_sp26r,0.3600372145837126
t3_w5b9g,0.19849822111380247
t3_ql4hw,0.20296801207489942
t3_v1zdc,0.23200344795962463
t3_kxz0h,0.19359173492424603
t3_wa7hw,0.28088882374308866
t3_lgtm6,0.11563772650751464
t3_is4sr,0.19705980405440765
t3_19b1c5,0.2638364032819899
t3_1iv47z,0.19179706280497297
t3_1j04eu,0.4283474439754095
t3_1jx10i,0.23275238061159406
t3_i5o5g,0.15974226358395793
t3_1e920k,0.3646084713371959
t3_k70pb,0.286790222490651
t3_xko5d,0.23762105699795988
t3_1a3vfl,0.17739530886709123
t3_1lxybt,0.28086607482597603
t3_ldjhu,0.37029659966367034
t3_ldeog,0.26430632243526314
t3_pfod3,0.2777512202398945
t3_193qwb,0.14199941523986984
t3_1950v4,0.2958114366284816
t3_lzkhn,0.23819451635608554
t3_krl47,0.17460019534674012
t3_r67bm,0.12278704415795548
t3_zaw9z,0.27512453718010427
t3_sxko6,0.2302695525609313
t3_p8av3,0.28117647732384204
t3_inwm2,0.13516745052807108
t3_1ihttr,0.35733288746436986
t3_j85dp,0.25727541849801366
t3_1ag1v5,0.29083027660872246
t3_1lu5yo,0.20877340660719204
t3_1fj9p3,0.24556907883958815
t3_1nv4ks,0.21057599765480028
t3_1mdaak,0.15100965630542054
t3_1ctxw7,0.22744715877153052
t3_1eevnc,0.28248461460562835
t3_1ij15g,0.22301191424901098
t3_15isv5,0.3500835685975392
t3_1lf3me,0.16176273709482822
t3_16d2ly,0.2153721158162525
t3_1k1xs4,0.35732776988397974
t3_ytvgx,0.7599754872756436
t3_1ihggu,0.28424876776926167
t3_iyq1i,0.14746270019562502
t3_j2vji,0.26637910062191256
t3_tf9im,0.19923691077795913
t3_15ti56,0.2025223033053752
t3_zq14r,0.16371361344673432
t3_ix9g0,0.19243287591508862
t3_sosun,0.1992923601013246
t3_13byqo,0.23935737741777213
t3_1cf800,0.23146222522310256
t3_135fj1,0.2576049554780458
t3_1crefk,0.320817604665374
t3_10cvn1,0.21248089795365002
t3_sidd8,0.3246387343994286
t3_l4o05,0.1486755336841815
t3_1irpp0,0.28480975474087905
t3_14tboe,0.1669969232316317
t3_14vcsz,0.30019033291134845
t3_1ik17v,0.2732959308334151
t3_1memn0,0.3798729471246178
t3_1icup0,0.47364613114115245
t3_lhqi7,0.11470289498866017
t3_1ipvwk,0.21793599139612763
t3_1dlaly,0.3051378716265451
t3_zzuu4,0.3006783211989529
t3_19cz7c,0.26080010724428204
t3_1k64o2,0.29543758845219015
t3_1mjpg0,0.1128910623004208
t3_iol8h,0.39716175069889714
t3_1isd30,0.170005069241967
t3_lj7oy,0.2844835757964989
t3_xnm2p,0.35009514729743263
t3_1c3v9m,0.2495628376653863
t3_s4svv,0.34799220847587714
t3_19jlpy,0.2095103169447008
t3_19nhbi,0.12058499794130034
t3_1gb1to,0.2327920527641171
t3_1c8rmz,0.2689077408188214
t3_1igt9f,0.2564994973790873
t3_1eqmt5,0.2748357249850731
t3_rwaf0,0.26546137826261856
t3_1kw2e6,0.3683885357411903
t3_1jgelh,0.3083771104775479
t3_jcq0o,0.11013845323004555
t3_172kz4,0.20520593884189722
t3_w56fp,0.27318025977465943
t3_my16i,0.25547665959557503
t3_k0r9x,0.17074590793966044
t3_17sczo,0.1862045980794046
t3_14im5p,0.2630213054803441
t3_1ih8z4,0.3384482230749769
t3_qmmdi,0.23663407736790726
t3_qgsgw,0.11077457583828375
t3_1gdjus,0.13986018225848162
t3_k0vt2,0.21934387472969902
t3_1jd94m,0.28876204595012933
t3_k4z02,0.31467686461621286
t3_lp6lv,0.2408044557902025
t3_1agayp,0.30744626452769064
t3_1b9o16,0.22785805449072455
t3_17q6f5,0.2989453796325062
t3_n39i4,0.211822641046727
t3_pey91,0.1942336675053085
t3_125l77,0.11895799785578905
t3_150p6t,0.1605984976272738
t3_1ig7c8,0.22225411080133903
t3_1bd8v3,0.21887356103763533
t3_in1tc,0.17918593154898324
t3_pcmhh,0.2780600303733472
t3_ziw36,0.2050954062868844
t3_m489r,0.3058730161042668
t3_jxuil,0.13498358617032943
t3_i7lvc,0.2634386020185444
t3_iq3hd,0.3158625722937243
t3_y5tl0,0.20640798541441552
t3_1mx6dp,0.4506019064938555
t3_17la4f,0.2856661095523549
t3_i11au,0.14162021174319853
t3_naa39,0.3997746451615014
t3_k87gg,0.21166925863108463
t3_lrud4,0.19609496185825614
t3_11k0ch,0.2334243691801932
t3_jjtne,0.1436206976408935
t3_1o3fi6,0.2238595047823011
t3_qwz21,0.3146983245003655
t3_if9kv,0.11083666875274954
t3_ino69,0.20199360594406549
t3_y36b3,0.22605721982284788
t3_ljw7y,0.20557370622857182
t3_msmlt,0.19860842705762752
t3_1c01o8,0.2460416784885643
t3_yk3jz,0.18655034482104477
t3_jvh01,0.18660777817477192
t3_wgsws,0.19781110957924306
t3_lq66h,0.3082291268825065
t3_15567s,0.2182139865238908
t3_1lsr9x,0.26285839636428526
t3_1d96q8,0.2527975902158802
t3_r1xtu,0.09589887049536014
t3_1exwmo,0.25977653587554417
t3_k4m4x,0.23254251327975226
t3_15e251,0.24687542028761406
t3_1ma7rd,0.18011263541928177
t3_jgtfw,0.3194415227290622
t3_18droz,0.32213722465043454
t3_phmbn,0.2182891892942684
t3_n6s1i,0.4038477654456453
t3_htxnw,0.39281537386968157
t3_wkd6l,0.41097890423846256
t3_1i8b15,0.2717989301498911
t3_17ovhi,0.3016633000449723
t3_ngtw8,0.10376243019186195
t3_jedff,0.12332565846280882
t3_1iv2s8,0.16383806126251085
t3_iynyd,0.17841430012223164
t3_vi2qo,0.19589477806525094
t3_nz2df,0.23596115247079852
t3_rkhub,0.2872490377575412
t3_jmr1j,0.25766483783872846
t3_iwavb,0.1188921275431084
t3_iv6eu,0.12448205332867321
t3_j6nr5,0.6351234786226649
t3_1cniq6,0.40387750260976957
t3_q0c6k,0.12296585720706081
t3_1mufdh,0.20048144663461168
t3_1bw1b9,0.2000555340387778
t3_ico94,0.13272978189437615
t3_vipop,0.237427524305657
t3_1iwdep,0.28582425039224474
t3_1izd63,0.16863081351109485
t3_1m9j1d,0.43626554102795445
t3_1g5pyx,0.13156797718982596
t3_v7tzf,0.1447189886438916
t3_jog1v,0.14493525216138417
t3_pe8md,0.22240635718122964
t3_kxlzo,0.20049909216881542
t3_kz2ws,0.23447143375588375
t3_1ee1fp,0.35125984032565266
t3_khxzm,0.10121527779025977
t3_1166u8,0.1473597775424581
t3_wj4na,0.17376454452334134
t3_11lg2f,0.13027115252322843
t3_1iwg9n,0.22516075056991317
t3_vjgu4,0.1910898593264246
t3_1275dw,0.1291826519845688
t3_16w1fs,0.4266052339992317
t3_1lxlbw,0.2617277251004725
t3_ojw1m,0.2862331643165409
t3_1jart1,0.2678395390594351
t3_yf6n3,0.267629141419197
t3_1n859f,0.30779270252335694
t3_n993g,0.16770394055663423
t3_jzi49,0.16941711628312908
t3_tv7zq,0.5337473912290384
t3_opj7h,0.2653305981377599
t3_12jio7,0.2283389166958107
t3_1loyn7,0.4223546480314116
t3_12c6hf,0.23264688607998824
t3_pzish,0.22981038455070957
t3_1h05vp,0.2012065470799203
t3_110efm,0.1855045451499639
t3_xa98e,0.5554484073490547
t3_xgrpi,0.15557154244041824
t3_1h29mo,0.4481074809825097
t3_niode,0.5008461419745199
t3_hy49h,0.19885727041878343
t3_1eluz0,0.16488787901976168
t3_12eoc9,0.21214986917122225
t3_1necw3,0.3737279887564332
t3_1lw16j,0.22278249283337542
t3_ihh90,0.15645420686020156
t3_jyepv,0.33366648185617465
t3_kqf8k,0.11930638537238371
t3_m9h42,0.24856952595565784
t3_ikck4,0.2691545727812086
t3_vzfp5,0.5824631410632003
t3_1mhbok,0.27934639869512196
t3_150x3u,0.20818905358394552
t3_rdsa5,0.249719416391752
t3_1k175h,0.2558978267263218
t3_xu8em,0.1780921014500381
t3_w7fjy,0.14986986245138997
t3_xnrho,0.17632369562484504
t3_1n6wjw,0.2175295132713929
t3_15fud8,0.17803167265247447
t3_11hnoe,0.18615422451719957
t3_jmnl8,0.12376111713285498
t3_1kkv09,0.08845547350175956
t3_ngvgh,0.10820849923299351
t3_jx94c,0.1940575846820417
t3_xwxmj,0.17004408392940235
t3_iwfd1,0.1590661488805134
t3_10hpsk,0.2065201378561628
t3_hvwav,0.22191034666020015
t3_snqsi,0.08587542126456894
t3_icqr9,0.39095434899804393
t3_ibz1b,0.2795701140917634
t3_iay69,0.10335859201793561
t3_11zblm,0.20985053220325775
t3_wzkmu,0.2558381435118146
t3_1crpj5,0.15539415036512957
t3_iczu2,0.15408868142905324
t3_wns9p,0.28940467699895955
t3_1invu0,0.19875459734657172
t3_m2hic,0.28381036725872405
t3_vi9dc,0.08602866462573738
t3_pimge,0.2560613695267469
t3_i7adt,0.479862883032687
t3_15e9dq,0.3350695071826633
t3_1czkj9,0.26650342896682766
t3_1btf55,0.2715567933232153
t3_yifuj,0.06984437864809623
t3_zh4v4,0.1832491525027912
t3_paght,0.09511481660417985
t3_1bmaeo,0.3112162419854742
t3_1mnkgu,0.28913220321217675
t3_1hdqo9,0.23688418980207288
t3_12lbis,0.09177429816670757
t3_1hcumf,0.1374161031895596
t3_11s3p3,0.2066256241531175
t3_1dkhn2,0.274433526206043
t3_onxcv,0.17153189414401077
t3_1g5q8a,0.2573860405203163
t3_16lcq8,0.2083873945416185
t3_17gi30,0.2979161517185832
t3_ibs5y,0.11769925813053239
t3_1cs2px,0.4174213178826274
t3_v4w93,0.10838232806938825
t3_1n1axt,0.2636542200421851
t3_ihko3,0.21631564040447784
t3_1896rw,0.23308713655551813
t3_125i9k,0.24481684696173742
t3_ww56x,0.19882026010784634
t3_uj7th,0.15923222921818278
t3_xsnoi,0.15052427768858076
t3_jyi06,0.2667383397919518
t3_yxnzv,0.17636078321508944
t3_l4640,0.3063982691884275
t3_1dnss4,0.2029396003155792
t3_1359u2,0.2822174669385898
t3_s4r05,0.19081515029394905
t3_j16ec,0.22928946164825953
t3_zpi3v,0.1421297255723766
t3_pyewj,0.19654192938722145
t3_ychfj,0.2650651274414695
t3_l4pgj,0.20688115693590384
t3_1llkaa,0.37172171670144577
t3_wj3qa,0.198619810877099
t3_zy61w,0.2574349645976947
t3_1dize8,0.3076129132846388
t3_1f7t8i,0.13530884820045588
t3_1lerlv,0.12839792250193835
t3_1meieg,0.1833426561369787
t3_156xcj,0.20797013655125576
t3_j8iuv,0.21376139511480444
t3_irgvc,0.10011926484233155
t3_qyedt,0.1299629180693974
t3_u95c6,0.2715885484241273
t3_1e97au,0.2612614938431663
t3_wp8uc,0.24920998586407034
t3_sst1u,0.08632816133794571
t3_1c63lb,0.24439802127048224
t3_o85l6,0.12787570421096658
t3_idivc,0.14351043304899683
t3_k45dt,0.30319625199450434
t3_19ywdh,0.1935349583819835
t3_kf0cy,0.31665360124466896
t3_137zgp,0.19569331577552304
t3_1gx8mx,0.38567951567684594
t3_tvndu,0.18403294543896356
t3_zsgtc,0.29874565911361567
t3_l4n9w,0.21555170292698975
t3_mjeye,0.12704209545367534
t3_mz1mg,0.14600958686488882
t3_jgbs9,0.2714117943875882
t3_1gnaod,0.1548738422585799
t3_hrz9i,0.2748083580508921
t3_1me64e,0.223690078326094
t3_idq7h,0.1051658336228931
t3_ys5ol,0.249232643550137
t3_1lezr3,0.38425106449529894
t3_lnwd6,0.29175761620273727
t3_zwbh8,0.15905149637250035
t3_1ctkfz,0.29107066788692043
t3_1kn4ge,0.29537591296045457
t3_1l10qa,0.44055801868628763
t3_177ayp,0.2652447603092709
t3_jijg7,0.22219030274206764
t3_16vnjz,0.5065074305089589
t3_1nbk1o,0.21764688370290222
t3_vem93,0.3221258250639648
t3_o6e99,0.2510797037441482
t3_jahvc,0.14885376090062613
t3_k62zb,0.41287374994299714
t3_1n351g,0.19405491421547275
t3_11tjwv,0.16148900966434127
t3_14ux4w,0.3438492048491446
t3_ijhc3,0.2190129516415473
t3_1j6f3u,0.23578642241713188
t3_w21z2,0.21276701711165813
t3_j82a6,0.18185014916458012
t3_pm783,0.16448716552981238
t3_v3r93,0.26532163989506924
t3_1jimga,0.3888626356540762
t3_idti4,0.34666919602360446
t3_mjkln,0.25595770082983693
t3_y2ne5,0.1604728408694144
t3_xry1e,0.29227672907078944
t3_qceuc,0.25270776898892605
t3_16noen,0.2384783140072334
t3_1ee39k,0.2942382162060566
t3_1eq5xl,0.13174442949005905
t3_mrkl3,0.14683403526648942
t3_ojet5,0.16904416321812335
t3_v0ki0,0.18546542939036822
t3_jq47k,0.1547764393472457
t3_1fqoyo,0.23556584371652428
t3_vbb3v,0.16835813143974676
t3_1k62l3,0.18824795395372712
t3_12p4pv,0.2003284052912577
t3_i37e6,0.1914262197531892
t3_if7vp,0.2810065754957118
t3_kvy1i,0.2574163243919514
t3_xd0ls,0.21865009520904669
t3_rirnq,0.24467958044561358
t3_mco6n,0.22912719400067014
t3_13tugz,0.21371049259761057
t3_k0ilx,0.19369969125273573
t3_ibat9,0.39884949700160416
t3_m42qj,0.3241694038841696
t3_1cucx0,0.27952500395800045
t3_zjfck,0.15223769896286565
t3_1iv5aj,0.2643927548308626
t3_u7z81,0.3961605096808389
t3_ke8v1,0.3851336534882206
t3_t6s95,0.24391499464134442
t3_w3y90,0.20365153072452669
t3_vvs2c,0.1271820340561855
t3_hupa5,0.3878952014619594
t3_zf126,0.10798621003683789
t3_v18x3,0.3285765292184652
t3_my9b0,0.2710512028352963
t3_10kngj,0.25863288773677084
t3_is415,0.12594066522040084
t3_io8w1,0.1584742599792938
t3_jatqy,0.37769437496128394
t3_yz9sf,0.22097754201263875
t3_k4z3q,0.24277313513024446
t3_1bird0,0.43186663508464385
t3_1cjq75,0.3002375538331084
t3_1cle36,0.09394053792130407
t3_1cgw6n,0.2833590172097123
t3_yvb02,0.18396995818249828
t3_jzmij,0.1228652423091297
t3_iii4u,0.24431834847244674
t3_jmyq9,0.21570496975666287
t3_kr3gt,0.15078082537959184
t3_w8rkv,0.11230950712251192
t3_12x5q1,0.09630654865537194
t3_jshkp,0.10679743598500933
t3_1o9hi0,0.34657368068222016
t3_u64m1,0.39047562590299717
t3_1cylzs,0.18781158546535134
t3_icou8,0.1697247076298429
t3_jvh8u,0.21161073792303697
t3_rzjzd,0.1907754781961628
t3_mxzhx,0.326410248646743
t3_vwclz,0.24026658454507144
t3_wxsh1,0.14631006681327102
t3_k3ki7,0.22511185056349367
t3_j6283,0.11715064716682123
t3_mxya9,0.19534919668056394
t3_1aduwk,0.35542342729087584
t3_ot2tt,0.18618510247335487
t3_1lvsn9,0.20271271026122437
t3_1cysab,0.1899365713763989
t3_nhqn0,0.25719206595472077
t3_1109ba,0.19724024360141057
t3_11sa5p,0.17857557148309477
t3_16wls1,0.15631707422406407
t3_1i8cqz,0.16807885391185096
t3_wwkkm,0.10801659631934057
t3_110gio,0.21261218996508405
t3_inmlb,0.20523967200813106
t3_k3ocx,0.26561891469021337
t3_1hz09s,0.18513629144342153
t3_1mzio9,0.4098996109514429
t3_lb1w0,0.3862864781809423
t3_1crwei,0.16770683803044129
t3_q5961,0.0881130115090299
t3_lxx3z,0.3359493013459165
t3_16appe,0.18735371096074846
t3_1adg49,0.09763140048044802
t3_iyk1y,0.30399978478968154
t3_1iw0gf,0.4010209134097205
t3_x1o1v,0.20709161744849075
t3_1m23pg,0.368749084390617
t3_yintm,0.1191507050092956
t3_ts9p3,0.4319940105710833
t3_z9ck0,0.3017831128380491
t3_th40x,0.1712511183234772
t3_icon7,0.13195692708234902
t3_t0mtn,0.21241910999187313
t3_juayz,0.2994049897016206
t3_mzfsp,0.19167389421988856
t3_14exjy,0.21444977293650738
t3_1c7725,0.12844527985236698
t3_1ifyzz,0.5504785276835857
t3_i96f9,0.18853263691423455
t3_kbmyh,0.21788578942725212
t3_170pqr,0.13376756324312084
t3_sqwpp,0.2544596959586672
t3_1553el,0.16091265676622749
t3_ikbu8,0.2097681267379831
t3_y6aab,0.21297636880200177
t3_1fxma9,0.17807707000682096
t3_18gj1h,0.1770790683464264
t3_o0jew,0.2223041869465577
t3_1jpkbf,0.3247379373486149
t3_idu38,0.16087097536470635
t3_lhjci,0.44961999168998357
t3_1d3hd7,0.25597490417311736
t3_150b65,0.1988658702588618
t3_rjp1j,0.12213752318841384
t3_k30r3,0.20579275066313066
t3_1hav4d,0.12184937951667293
t3_1a5ixr,0.3176279939602383
t3_pxd37,0.21131053048179121
t3_1djtso,0.2597227882299015
t3_14ezoh,0.3487556987400193
t3_12obj5,0.1825804355534951
t3_nqwjm,0.5651321736281364
t3_oifsx,0.15359005431386036
t3_1f45sh,0.1049118796198897
t3_1fr5bm,0.18757558297186874
t3_r7odh,0.4213566434233254
t3_1kmou4,0.21585339108127508
t3_17pzg4,0.21016487558112798
t3_i0miz,0.28004433874135676
t3_il0s0,0.29217236766935883
t3_1l5uzx,0.29731332285090706
t3_1evpom,0.236449890738275
t3_idy6k,0.22170280185736782
t3_sshis,0.1884764387633491
t3_1blxrm,0.21442587334891014
t3_1esd91,0.1613106426233601
t3_vai9m,0.179578886975844
t3_ne3jr,0.19362069815017288
t3_1nm9os,0.2250503422963379
t3_ledhr,0.273241791594857
t3_pw02q,0.15291379060977228
t3_irgbj,0.20568004159350045
t3_xd9hv,0.1663191052202552
t3_icu7p,0.11243891952807855
t3_1d8yob,0.1715698299022492
t3_l4xry,0.35095587845402143
t3_112jsu,0.23547111990214079
t3_kly75,0.24440935797941468
t3_ifrfv,0.1818566094782208
t3_x8mp3,0.10970739020342347
t3_x2qzw,0.20615817319992408
t3_13u1al,0.24598421883833585
t3_xnwf2,0.1735025542216831
t3_xf1p9,0.20096784384926578
t3_jjz0j,0.5491672600998003
t3_k08dr,0.6878237075312391
t3_1af9hg,0.2082034844620654
t3_tl8gg,0.17244807725768052
t3_qdtn7,0.11248323889437865
t3_ubnwm,0.302739765376418
t3_s14x9,0.2174733218911669
t3_157g5c,0.19551745895465417
t3_y9nfg,0.4268890342844725
t3_tfqnk,0.1695285040894975
t3_1lxsiq,0.1236449605054123
t3_r1boq,0.113316052241681
t3_14ihpw,0.2894285701022794
t3_12124d,0.17360723777552606
t3_10o1th,0.2473671634034551
t3_1blyk4,0.15320236879070157
t3_jxj0w,0.19361399815029856
t3_12vddw,0.19511907745225313
t3_1kow8l,0.21671804041752316
t3_llfug,0.2710351699419881
t3_1fqagd,0.36717780430966024
t3_pfs19,0.11373418410216969
t3_185q0b,0.3754066365738659
t3_th6m0,0.23755985390147122
t3_1ma6le,0.20869691692111242
t3_k0q1w,0.2924459043569963
t3_15xp2y,0.12457138847742198
t3_vpe62,0.18366446558359228
t3_12gbgy,0.45539438197083637
t3_jtsb9,0.1144844930443113
t3_wly8k,0.17396596080402385
t3_j2k0d,0.26423401934829777
t3_1j4tf5,0.3693391897832225
t3_yfjn0,0.30283673740024614
t3_1cot73,0.35186662406390345
t3_n81pv,0.1766154730778212
t3_ijnhm,0.2139818516457991
t3_1493gl,0.15539828374294087
t3_1i4pcy,0.2959210825277291
t3_n5o88,0.12494735459190451
t3_mrgd3,0.38549023295536894
t3_1fqv6l,0.18423004312941488
t3_mscj8,0.17823550404035038
t3_tiyor,0.2234127196482381
t3_l4rl8,0.20592447347084575
t3_1e2v32,0.21499278972588354
t3_r7sgr,0.3615408758673737
t3_t0krh,0.315364225790782
t3_iregv,0.163458425071956
t3_ndcvq,0.2981586700630784
t3_w3ldb,0.17995656046241554
t3_q3io5,0.3899771745395042
t3_smcni,0.2840020060238261
t3_zzsho,0.0918679288833369
t3_pr3p3,0.22291730005778043
t3_1hluyc,0.20258771939010414
t3_k025c,0.19680461149702086
t3_1go8c1,0.29517422675895005
t3_ihhbr,0.7370143815737288
t3_1ckfzz,0.14919841612703288
t3_1l7ksf,0.2566927017490012
t3_vawcb,0.16550256941225344
t3_mody8,0.2217281020485954
t3_1foy3z,0.2823573457386376
t3_qzu4g,0.2920043304004335
t3_lmb89,0.3331737067729414
t3_1m53fu,0.19952360063369362
t3_10cy64,0.18679392090393407
t3_m7m7l,0.25488903679345926
t3_1lfrlc,0.19078652777915636
t3_iihye,0.21671486750655383
t3_xn5hp,0.263818461509349
t3_ro9ud,0.17093356595810444
t3_kx1pn,0.2927883356234961
t3_1cn0h3,0.2961753392746535
t3_zq12j,0.1624178201250618
t3_1br2hm,0.32477360398531935
t3_knttk,0.3772651167481762
t3_11wza2,0.22367722635635262
t3_iwbsf,0.1668113218568856
t3_nys7g,0.3611353727131759
t3_17pmtu,0.1822040271486767
